StockCode,Description,Revenue,Revenue_Share,Cumulative_Revenue,Quantity
DOT,DOTCOM POSTAGE,11906.36,0.0013360806876156661,0.39985313189407323,16
22827,RUSTIC  SEVENTEEN DRAWER SIDEBOARD,5415.0,0.0006076480908891409,0.6372083380282891,35
22656,VINTAGE BLUE KITCHEN CABINET,3685.0,0.00041351490580359817,0.7266342355503073,26
22823,CHEST NATURAL WOOD 20 DRAWERS,2745.0,0.00030803213471665593,0.7868160840053945,24
